Marsh UAE insurance broker,https://www.linkedin.com/company/marsh-imea/
Aon Middle East insurance broker,https://www.linkedin.com/company/aon-middle-east-llc/
Lockton MENA insurance broker,https://www.linkedin.com/company/lockton-companies/
Howden Insurance Brokers UAE,https://www.linkedin.com/company/howden-insurance/
Nexus Insurance Brokers UAE,https://www.linkedin.com/company/nexus-insurance-brokers-llc/
Al Nabooda Insurance Brokers,https://www.linkedin.com/company/anibdxb
Indemnity Insurance Brokers UAE,https://www.linkedin.com/company/indemnity-insurance-brokers-llc
Lifecare International Insurance Brokers,https://www.linkedin.com/company/lifecare-international/
Kay International insurance AMEA,https://www.linkedin.com/company/kay-international-amea-limited/
Shields Reinsurance Brokers DIFC,https://www.linkedin.com/company/shieldsreinsurancebrokers
Howden Re DIFC reinsurance,https://www.linkedin.com/company/howden-reinsurance/
Guy Carpenter MENA reinsurance,https://www.linkedin.com/company/guy-carpenter/
Lockton Re DIFC reinsurance,https://www.linkedin.com/company/locktonre/
Kingdom Brokerage Re DIFC,https://www.linkedin.com/company/kingdom-brokerage-re
Munich Re UAE DIFC reinsurance,https://www.linkedin.com/company/munich-re
SCOR UAE reinsurance,https://www.linkedin.com/company/dniuae
IGI International General Insurance,https://www.linkedin.com/company/international-general-insurance/
Korean Re DIFC reinsurance,https://www.linkedin.com/company/koreanre
Malaysian Re Dubai reinsurance,https://www.linkedin.com/company/malaysian-reinsurance-berhad
Mena Re Underwriters reinsurance,https://www.linkedin.com/company/mena-re-underwriters-ltd
Emirates Retakaful reinsurance,https://www.linkedin.com/company/emirates-insurance-company
Policybazaar UAE insurance,https://www.linkedin.com/company/policybazaaruae
YallaCompare insurance UAE,https://www.linkedin.com/company/yalla-insure/
Aqeed insurance UAE,https://www.linkedin.com/company/aqeed
Bayzat insurance UAE,https://www.linkedin.com/company/bayzat
Souqalmal insurance UAE,https://www.linkedin.com/company/souqalmal-com
InsuranceMarket.ae UAE,https://www.linkedin.com/company/insurancemarket-ae-by-afia-insurance-brokerage-services-llc/
KPMG Lower Gulf insurance consulting,https://www.linkedin.com/company/kpmg-lowergulf/
PwC Middle East insurance consulting,https://www.linkedin.com/company/pwc-middle-east
Deloitte Middle East insurance,https://www.linkedin.com/company/deloitte
EY MENA insurance consulting,https://www.linkedin.com/company/ernstandyoung/
McKinsey Middle East insurance,https://www.linkedin.com/company/mckinsey/
BCG Middle East insurance consulting,https://www.linkedin.com/company/boston-consulting-group
Bain Company Middle East insurance,https://www.linkedin.com/company/bain-and-company
Oliver Wyman Dubai insurance,https://www.linkedin.com/company/oliver-wyman
ValuStrat insurance UAE,https://www.linkedin.com/company/valustrat
Redseer Strategy Consultants insurance,https://www.linkedin.com/company/redseer/
Gulf Insurance Group GIG,https://www.linkedin.com/company/gigtakaful
Tawuniya insurance Saudi Arabia,https://www.linkedin.com/company/tawuniya
Bupa Arabia health insurance,https://www.linkedin.com/company/bupaarabia
Malath Cooperative Insurance Saudi,https://www.linkedin.com/company/malath-insurance
Medgulf Saudi Arabia insurance,https://www.linkedin.com/company/medgulflebanon
AXA Cooperative Insurance Saudi,https://www.linkedin.com/company/axa-insurance-company
Liva Group Oman insurance,https://www.linkedin.com/company/livagroupco
Hannover Re Bahrain reinsurance,https://www.linkedin.com/company/hannover-re/
Allianz insurance Germany,https://www.linkedin.com/company/allianz
AXA insurance France,https://www.linkedin.com/company/axa
Generali insurance Italy,https://www.linkedin.com/company/generaliitalia
Zurich Insurance Group,https://www.linkedin.com/company/zurich-insurance-company-ltd
Prudential plc insurance,https://www.linkedin.com/company/prudential-vietnam
Legal General insurance UK,https://www.linkedin.com/company/legal-&-general/
Beazley insurance,https://www.linkedin.com/company/beazley
Lloyds of London insurance market,https://www.linkedin.com/company/lloyd's-market-association
Talanx HDI Group insurance,https://www.linkedin.com/company/hdiglobal-se
Liberty Specialty Markets insurance,https://www.linkedin.com/company/liberty-specialty-markets-latin-america
SCOR reinsurance,https://www.linkedin.com/company/scor
Aon insurance broker global,https://www.linkedin.com/company/aon-inpoint/
WTW Willis Towers Watson broker,https://www.linkedin.com/company/willisnetworks/
Howden Group insurance broker,https://www.linkedin.com/company/howden-insurance
BMS Group reinsurance broker,https://www.linkedin.com/company/bms-group
State Farm insurance USA,https://www.linkedin.com/company/state-farm-mutual-auto-ins/
Berkshire Hathaway GEICO insurance,https://www.linkedin.com/company/geico
Progressive insurance USA,https://www.linkedin.com/company/progressive-insurance
Allstate insurance USA,https://www.linkedin.com/company/allstate
Chubb insurance,https://www.linkedin.com/company/chubb-group-of-insurance-companies
Liberty Mutual insurance,https://www.linkedin.com/company/liberty-mutual-insurance
Travelers insurance USA,https://www.linkedin.com/company/travelers
MetLife insurance Americas,https://www.linkedin.com/company/metlife
Prudential Financial insurance,https://www.linkedin.com/company/prudential-financial
UnitedHealth Group insurance,https://www.linkedin.com/company/unitedhealth-group
CNA Financial insurance,https://www.linkedin.com/company/cna-insurance
Manulife Financial insurance Canada,https://www.linkedin.com/company/manulife-financial-advisers-pte-ltd
Sun Life Financial insurance Canada,https://www.linkedin.com/company/sun-life-financial-of-canada-phils-inc
Everest Re reinsurance,https://www.linkedin.com/company/everestglobal
RenaissanceRe reinsurance,https://www.linkedin.com/company/renaissancere
RGA Reinsurance Group America,https://www.linkedin.com/company/rga-reinsurance-group-of-america-incorporated
Marsh McLennan insurance broker,https://www.linkedin.com/company/marsh-mclennan-agency
Aon insurance broker Americas,https://www.linkedin.com/company/aon-affinity-latin-america
Lockton insurance broker,https://www.linkedin.com/company/lockton-companies
Brown Brown insurance broker,https://www.linkedin.com/company/brown-brown
Sanlam insurance South Africa,https://www.linkedin.com/company/sanlam
Old Mutual insurance South Africa,https://www.linkedin.com/company/old-mutual-insure
Discovery insurance South Africa,https://www.linkedin.com/company/discovery-health-global-health-solutions
Momentum Metropolitan insurance,https://www.linkedin.com/company/momentum-short-term-insurance
Liberty Holdings insurance Africa,https://www.linkedin.com/company/liberty-holdings-inc
Jubilee Insurance East Africa,https://www.linkedin.com/company/jubilee-life-insurance-company-uganda/
AIICO Insurance Nigeria,https://www.linkedin.com/company/aiico-insurance-plc/
AXA Mansard Nigeria insurance,https://www.linkedin.com/company/axa-mansard
SanlamAllianz Africa insurance,https://www.linkedin.com/company/sanlamallianz-reinsurance
LIC Life Insurance Corporation India,https://www.linkedin.com/company/lifeinsurance-corporation-of-india
ICICI Lombard General Insurance India,https://www.linkedin.com/company/icici-lombard/
Bajaj Allianz Insurance India,https://www.linkedin.com/company/bajaj-general-insurance/
HDFC ERGO General Insurance India,https://www.linkedin.com/company/hdfcergo/
New India Assurance insurance,https://www.linkedin.com/company/new-india-assurance-bahrain
Tata AIG General Insurance India,https://www.linkedin.com/company/tata-aig/
State Life Insurance Pakistan,https://www.linkedin.com/company/state-life-insurance/
AIA Group insurance Asia,https://www.linkedin.com/company/aia-vietnam
ADNIC,https://www.linkedin.com/company/abu-dhabi-national-insurance-company-adnic-/
Emirates Insurance Company,https://linkedin.com/company/emirates-insurance-company
Orient Insurance,https://www.linkedin.com/company/orient-insurance/
Sukoon Insurance,https://www.linkedin.com/company/sukooninsurance/
GIG Gulf,https://www.linkedin.com/company/giggulf/
Alliance Insurance,https://www.linkedin.com/company/alliance-insurance-p-s-c/
Daman National Health Insurance,https://www.linkedin.com/company/the-national-insurance-company-daman/
National General Insurance NGI,https://www.linkedin.com/company/ngiuae/
Dubai National Insurance Reinsurance,https://www.linkedin.com/company/dniuae/
Al Wathba National Insurance AWNIC,https://www.linkedin.com/company/alwathbainsurance/
Watania Takaful,https://www.linkedin.com/company/watania-takaful/
Abu Dhabi National Takaful ADNTC,https://www.linkedin.com/company/abu-dhabi-national-takaful-p-s-c-takaful-/
Al Buhaira National Insurance,https://www.linkedin.com/company/al-buhaira-national-insurance-co./
Al Khazna Insurance,https://www.linkedin.com/company/al-khazna-insurance-co-psc-akic-/
Al Dhafra Insurance,https://www.linkedin.com/company/al-dhafra-insurance-co-psc-/
Al Sagr National Insurance,https://www.linkedin.com/company/alsagruae/
Salama Islamic Arab Insurance,https://www.linkedin.com/company/islamic-arab-insurance-co-salama/
Arabia Insurance,https://linkedin.com/company/arabia-insurance
MetLife UAE insurance,https://www.linkedin.com/company/metlife-gulf/
Allianz Trade Middle East insurance,https://www.linkedin.com/company/allianz-trade-gcc/
MEDGULF insurance UAE,https://www.linkedin.com/company/medgulfuae/
